State,Tourist Spot,Theme,Faves,Sentiment
Gifu,Shirakawa-go,Food,2724,76
Ehime,Matsuyama Castle,History,771,77
Hokkaido,Odori Park,Adventure,787,91
Kanagawa,Hakone Open-Air Museum,Food,2725,90
Akita,Lake Tazawa,Nature,218,80
Tokyo,Tokyo Tower,Nature,3074,72
Hokkaido,Shiretoko National Park,Food,539,73
Kagawa,Ritsurin Garden,Nature,4681,98
Kanagawa,Hakone Open-Air Museum,Adventure,90,97
Kagawa,Ritsurin Garden,Nature,615,94
Kagawa,Ritsurin Garden,History,237,79
Fukui,Eihei-ji Temple,Culture,359,76
Nara,Nara Park,Nature,3210,92
Kagoshima,Sakurajima,Spiritual,3015,79
Tokyo,Shibuya Crossing,Culture,711,92
Hokkaido,Odori Park,Culture,2741,80
Okinawa,Churaumi Aquarium,History,3372,87
Gifu,Shirakawa-go,Nature,4230,79
Yamanashi,Mount Fuji,Culture,1466,72
Okinawa,Cape Manzamo,Culture,4052,71
Akita,Lake Tazawa,Spiritual,2062,83
Kanagawa,Lake Ashi,Culture,2714,89
Aomori,Hirosaki Castle,Adventure,4651,84
Kanagawa,Lake Ashi,Adventure,692,74
Kyoto,Kinkaku-ji,Culture,4497,79
Kagoshima,Sakurajima,Adventure,3111,83
Kyoto,Arashiyama Bamboo Grove,Spiritual,2910,90
Gifu,Shirakawa-go,Spiritual,1462,100
Ishikawa,Kenroku-en,Culture,2629,92
Tokyo,Shibuya Crossing,Spiritual,1319,85
Kanagawa,Lake Ashi,Culture,4710,71
Hiroshima,Peace Memorial Park,Adventure,4904,78
Nara,Nara Park,Spiritual,4853,84
Fukuoka,Canal City Hakata,History,2817,72
Kagoshima,Sakurajima,Culture,4050,99
Fukui,Eihei-ji Temple,Adventure,3262,78
Kyoto,Arashiyama Bamboo Grove,Culture,118,78
Kyoto,Fushimi Inari Taisha,Culture,191,70
Nagano,Jigokudani Monkey Park,Culture,276,79
Kanagawa,Hakone Open-Air Museum,Culture,151,99
Tochigi,Nikko Toshogu,Spiritual,795,96
Tokyo,Tokyo Tower,History,3976,86
Shizuoka,Miho no Matsubara,Spiritual,4626,99
Hiroshima,Peace Memorial Park,Nature,3275,92
Nagasaki,Glover Garden,Spiritual,4769,80
Tochigi,Nikko Toshogu,Nature,1664,94
Fukui,Eihei-ji Temple,Food,4923,95
Nara,Todai-ji,Food,1404,81
Hiroshima,Itsukushima Shrine,Adventure,1816,77
Kyoto,Kiyomizu-dera,Spiritual,3718,73
Okinawa,Churaumi Aquarium,Culture,4535,93
Fukuoka,Canal City Hakata,Spiritual,3163,71
Okinawa,Cape Manzamo,Nature,1055,89
Tokyo,Shibuya Crossing,Food,4465,88
Osaka,Osaka Castle,Adventure,4583,75
Ehime,Matsuyama Castle,Adventure,2138,92
Hokkaido,Shiretoko National Park,Food,2506,99
Saga,Yutoku Inari Shrine,Adventure,2433,75
Nara,Nara Park,History,881,98
Hiroshima,Itsukushima Shrine,Adventure,1396,84
Okinawa,Cape Manzamo,Spiritual,651,89
Tokyo,Senso-ji Temple,Adventure,1509,74
Kyoto,Fushimi Inari Taisha,Food,208,89
Ishikawa,Kenroku-en,Spiritual,1601,87
Shizuoka,Miho no Matsubara,History,4675,76
Nagasaki,Glover Garden,Spiritual,4326,84
Ishikawa,Kenroku-en,Adventure,1034,83
Tokyo,Senso-ji Temple,Culture,4004,87
Yamanashi,Mount Fuji,History,4769,80
Kyoto,Kinkaku-ji,Adventure,3512,96
Kagoshima,Sakurajima,Culture,757,93
Kagoshima,Sakurajima,Culture,400,100
Fukuoka,Canal City Hakata,Culture,2352,93
Saga,Yutoku Inari Shrine,Culture,4564,90
Kanagawa,Hakone Open-Air Museum,Food,4014,86
Niigata,Sado Island,Adventure,4583,90
Hokkaido,Odori Park,Culture,4179,70
Tokyo,Meiji Shrine,Food,1827,89
Ehime,Matsuyama Castle,Food,4738,72
Akita,Lake Tazawa,Nature,203,85
Nagasaki,Glover Garden,History,3639,85
Kanagawa,Hakone Open-Air Museum,Culture,2582,73
Hokkaido,Odori Park,Nature,4273,78
Gifu,Shirakawa-go,Adventure,3631,90
Miyagi,Matsushima Bay,Food,2615,73
Tokyo,Shibuya Crossing,Spiritual,3090,81
Nara,Nara Park,Spiritual,344,83
Ishikawa,Kenroku-en,Culture,3374,76
Okinawa,Cape Manzamo,Spiritual,3909,85
Kyoto,Kiyomizu-dera,Culture,2728,83
Nagano,Jigokudani Monkey Park,Culture,1150,75
Tokyo,Tokyo Tower,Spiritual,1391,88
Tokyo,Senso-ji Temple,Culture,75,95
Osaka,Dotonbori,Adventure,1199,81
Gifu,Shirakawa-go,Adventure,2408,82
Kyoto,Fushimi Inari Taisha,Food,2933,98
Fukui,Eihei-ji Temple,Food,4026,82
Okinawa,Cape Manzamo,Adventure,2661,91
Miyagi,Matsushima Bay,History,3481,86
Saga,Yutoku Inari Shrine,Spiritual,3094,82
Nagano,Jigokudani Monkey Park,History,2917,82
Yamanashi,Mount Fuji,Adventure,1679,75
Niigata,Sado Island,Food,1205,100
Hiroshima,Peace Memorial Park,Adventure,4354,92
Kyoto,Fushimi Inari Taisha,Spiritual,3975,87
Kyoto,Kinkaku-ji,Adventure,4562,98
Nara,Nara Park,Spiritual,4910,70
Okinawa,Cape Manzamo,Spiritual,2182,89
Aomori,Hirosaki Castle,Adventure,3076,83
Kyoto,Kiyomizu-dera,History,3156,84
Nara,Nara Park,Adventure,2520,90
Saga,Yutoku Inari Shrine,History,2884,91
Niigata,Sado Island,Culture,1910,75
Ishikawa,Kenroku-en,Adventure,2233,91
Nara,Todai-ji,Nature,2542,86
Aomori,Hirosaki Castle,History,2495,70
Tokyo,Senso-ji Temple,Culture,3818,99
Kanagawa,Hakone Open-Air Museum,Nature,2394,78
Nagasaki,Glover Garden,Food,269,99
Fukui,Eihei-ji Temple,Culture,3451,88
Kyoto,Arashiyama Bamboo Grove,Nature,2456,96
Fukuoka,Canal City Hakata,Food,2035,82
Nagasaki,Glover Garden,History,3664,72
Shizuoka,Miho no Matsubara,Adventure,2520,94
Tokyo,Meiji Shrine,Culture,4229,84
Saga,Yutoku Inari Shrine,Culture,3308,72
Akita,Lake Tazawa,Adventure,4514,70
Kanagawa,Hakone Open-Air Museum,Adventure,4948,84
Kagawa,Ritsurin Garden,Nature,2909,85
Tokyo,Tokyo Tower,Culture,3485,87
Ishikawa,Kenroku-en,Spiritual,3970,97
Ehime,Matsuyama Castle,Food,1331,72
Kagawa,Ritsurin Garden,Food,235,74
Tokyo,Senso-ji Temple,Nature,713,89
Okinawa,Churaumi Aquarium,Adventure,1787,91
Nara,Todai-ji,Adventure,3724,71
Kyoto,Arashiyama Bamboo Grove,Food,1741,85
Tokyo,Senso-ji Temple,Adventure,4657,94
Tokyo,Senso-ji Temple,Food,1846,87
Ishikawa,Kenroku-en,Adventure,2015,91
Nagasaki,Glover Garden,Spiritual,1446,89
Aomori,Hirosaki Castle,Culture,4190,85
Shizuoka,Miho no Matsubara,Culture,3621,85
Tochigi,Nikko Toshogu,Nature,1628,73
Nara,Todai-ji,Spiritual,1262,88
Niigata,Sado Island,History,2057,100
Shizuoka,Miho no Matsubara,Food,1348,76
Kyoto,Fushimi Inari Taisha,Spiritual,382,96
Tokyo,Shibuya Crossing,Nature,1229,74
Saga,Yutoku Inari Shrine,Culture,4311,81
Niigata,Sado Island,History,1290,70
Osaka,Osaka Castle,Nature,4430,88
Kanagawa,Lake Ashi,Nature,247,86
Ishikawa,Kenroku-en,Adventure,2291,100
Tokyo,Senso-ji Temple,Spiritual,2724,73
Aichi,Nagoya Castle,Food,2660,83
Tokyo,Tokyo Skytree,Adventure,1599,97
Kagawa,Ritsurin Garden,Adventure,2388,70
Ishikawa,Kenroku-en,Adventure,2870,95
Hiroshima,Peace Memorial Park,Adventure,2275,74
Hiroshima,Itsukushima Shrine,Food,1177,82
Tokyo,Shibuya Crossing,Spiritual,4834,88
Nagano,Jigokudani Monkey Park,Spiritual,4497,80
Kyoto,Kiyomizu-dera,History,4227,84
Aomori,Hirosaki Castle,History,3344,97
Kyoto,Fushimi Inari Taisha,Food,3001,94
Kagawa,Ritsurin Garden,Spiritual,1455,92
Hokkaido,Shiretoko National Park,Spiritual,2499,88
Kyoto,Arashiyama Bamboo Grove,Spiritual,3117,92
Kyoto,Kinkaku-ji,Nature,460,98
Saga,Yutoku Inari Shrine,Food,471,90
Hokkaido,Shiretoko National Park,Nature,2448,88
Niigata,Sado Island,Food,2044,80
Kagawa,Ritsurin Garden,Food,3364,70
Nagasaki,Glover Garden,Food,2993,96
Kyoto,Kiyomizu-dera,Adventure,2865,70
Tokyo,Senso-ji Temple,Food,1051,96
Aomori,Hirosaki Castle,History,671,74
Yamanashi,Mount Fuji,Food,1204,98
Nagano,Jigokudani Monkey Park,Adventure,2971,100
Tochigi,Nikko Toshogu,History,277,79
Hiroshima,Itsukushima Shrine,Food,2331,84
Hiroshima,Itsukushima Shrine,History,1870,96
Okinawa,Cape Manzamo,Spiritual,152,75
Tokyo,Tokyo Tower,Nature,4727,93
Kanagawa,Lake Ashi,Nature,2896,84
Aomori,Hirosaki Castle,Food,2399,77
Hokkaido,Odori Park,Adventure,4124,73
Aomori,Hirosaki Castle,History,4249,77
Okinawa,Cape Manzamo,Nature,1192,78
Kyoto,Kinkaku-ji,Food,2413,84
Tokyo,Tokyo Tower,Adventure,864,86
Tokyo,Tokyo Skytree,Adventure,4820,81
Kyoto,Kiyomizu-dera,Nature,752,78
Hokkaido,Shiretoko National Park,Nature,3554,82
Kyoto,Kinkaku-ji,Food,2688,75
Hiroshima,Itsukushima Shrine,History,569,96
Kyoto,Fushimi Inari Taisha,History,192,74
Okinawa,Churaumi Aquarium,Culture,3836,70
Tokyo,Tokyo Tower,Spiritual,1075,100
Okinawa,Churaumi Aquarium,Adventure,1903,86
Kyoto,Kinkaku-ji,Culture,3981,72
Kyoto,Arashiyama Bamboo Grove,History,3054,93
Fukuoka,Canal City Hakata,Adventure,836,88
Gifu,Shirakawa-go,Food,2144,89
Ishikawa,Kenroku-en,Culture,2035,86
Nagano,Jigokudani Monkey Park,Culture,4438,88
Tokyo,Senso-ji Temple,Nature,2816,86
Tokyo,Meiji Shrine,Food,1188,100
Kyoto,Fushimi Inari Taisha,History,2457,70
Kyoto,Arashiyama Bamboo Grove,Nature,2802,91
Tokyo,Senso-ji Temple,Nature,4197,82
Nagasaki,Glover Garden,Spiritual,4609,97
Kanagawa,Lake Ashi,Food,3358,88
Ehime,Matsuyama Castle,History,2245,79
Gifu,Shirakawa-go,Spiritual,796,71
Nagano,Jigokudani Monkey Park,Adventure,527,86
Hiroshima,Itsukushima Shrine,Nature,1204,76
Tokyo,Tokyo Tower,Adventure,938,88
Hiroshima,Itsukushima Shrine,History,457,79
Fukui,Eihei-ji Temple,History,3769,100
Kagawa,Ritsurin Garden,Food,215,94
Gifu,Shirakawa-go,Spiritual,1949,80
Miyagi,Matsushima Bay,Spiritual,3657,72
Wakayama,Kumano Nachi Taisha,History,1376,71
Hokkaido,Shiretoko National Park,Nature,3743,79
Kagawa,Ritsurin Garden,Culture,4952,76
Kanagawa,Hakone Open-Air Museum,Culture,3992,85
Hiroshima,Itsukushima Shrine,Food,4016,93
Saga,Yutoku Inari Shrine,History,3276,94
Yamanashi,Mount Fuji,Culture,911,89
Ishikawa,Kenroku-en,Spiritual,1384,87
Kagoshima,Sakurajima,Culture,2117,78
Nagano,Jigokudani Monkey Park,Food,1904,74
Miyagi,Matsushima Bay,Food,4550,94
Nagano,Jigokudani Monkey Park,Spiritual,1567,85
Kanagawa,Hakone Open-Air Museum,Adventure,886,80
Tokyo,Senso-ji Temple,Culture,625,86
Aichi,Nagoya Castle,Nature,1406,92
Kanagawa,Lake Ashi,Adventure,4370,96
Tokyo,Tokyo Tower,Culture,1041,91
Miyagi,Matsushima Bay,Food,2759,99
Nagasaki,Glover Garden,Spiritual,2495,82
Gifu,Shirakawa-go,Spiritual,1800,86
Nagasaki,Glover Garden,Spiritual,3648,81
Kyoto,Kinkaku-ji,Adventure,1622,94
Aichi,Nagoya Castle,Adventure,1169,89
Ishikawa,Kenroku-en,Spiritual,4352,81
Tokyo,Tokyo Skytree,Adventure,1158,96
Hokkaido,Shiretoko National Park,Nature,613,97
Osaka,Dotonbori,History,3090,96
Okinawa,Cape Manzamo,Adventure,2843,96
Kagawa,Ritsurin Garden,Nature,2456,72
Yamanashi,Mount Fuji,Nature,3834,71
Fukuoka,Canal City Hakata,Nature,1178,78
Fukuoka,Canal City Hakata,Spiritual,2295,85
Ishikawa,Kenroku-en,Nature,70,94
Hiroshima,Peace Memorial Park,Spiritual,973,93
Fukui,Eihei-ji Temple,History,1276,75
Nagano,Jigokudani Monkey Park,Adventure,2668,73
Okinawa,Churaumi Aquarium,Adventure,2032,85
Osaka,Dotonbori,Food,1847,92
Nagasaki,Glover Garden,Nature,3771,86
Kanagawa,Lake Ashi,Spiritual,499,82
Wakayama,Kumano Nachi Taisha,Food,1418,78
Osaka,Osaka Castle,Spiritual,3356,100
Wakayama,Kumano Nachi Taisha,Spiritual,1704,81
Yamanashi,Mount Fuji,Adventure,3073,81
Okinawa,Cape Manzamo,Culture,925,74
Tokyo,Tokyo Skytree,Adventure,1059,98
Kanagawa,Lake Ashi,History,3108,95
Kyoto,Fushimi Inari Taisha,History,3515,92
Nagano,Jigokudani Monkey Park,Culture,4653,91
Wakayama,Kumano Nachi Taisha,Spiritual,55,91
Fukui,Eihei-ji Temple,Culture,3216,94
Hiroshima,Peace Memorial Park,Adventure,2510,88
Tokyo,Senso-ji Temple,Adventure,711,97
Hokkaido,Shiretoko National Park,Adventure,4011,96
Tokyo,Tokyo Tower,History,2142,71
Nagano,Jigokudani Monkey Park,Culture,1357,89
Ehime,Matsuyama Castle,Spiritual,454,89
Osaka,Osaka Castle,Adventure,145,74
Kyoto,Kiyomizu-dera,Spiritual,648,87
Osaka,Dotonbori,Adventure,3020,83
Nara,Nara Park,Culture,1340,95
Nara,Todai-ji,Food,2150,83
Fukuoka,Canal City Hakata,History,1557,83
Hokkaido,Shiretoko National Park,Spiritual,333,97
Shizuoka,Miho no Matsubara,Culture,4708,94
Aichi,Nagoya Castle,Culture,803,70
Kagawa,Ritsurin Garden,Food,4968,77
Nara,Todai-ji,History,1415,70
Yamanashi,Mount Fuji,Nature,1084,98
Hiroshima,Peace Memorial Park,Nature,4591,93
Tokyo,Tokyo Skytree,Culture,819,75
Tokyo,Tokyo Tower,Nature,67,74
Kanagawa,Hakone Open-Air Museum,Spiritual,1931,83
Kanagawa,Hakone Open-Air Museum,Adventure,2804,96
Nagano,Jigokudani Monkey Park,Spiritual,1673,93
Hokkaido,Odori Park,Culture,246,96
Tokyo,Tokyo Tower,History,2892,76
Hokkaido,Odori Park,Culture,1939,86
Okinawa,Churaumi Aquarium,Culture,3041,80
Osaka,Dotonbori,Nature,4266,87
Gifu,Shirakawa-go,History,2986,76
Kanagawa,Hakone Open-Air Museum,History,2594,86
Tokyo,Meiji Shrine,Culture,147,87
Kanagawa,Lake Ashi,Nature,3309,86
Tochigi,Nikko Toshogu,Spiritual,2040,91
Nagasaki,Glover Garden,Nature,2630,88
Okinawa,Churaumi Aquarium,Food,1317,73
Tokyo,Meiji Shrine,Adventure,3509,88
Wakayama,Kumano Nachi Taisha,Culture,4795,85
Hiroshima,Peace Memorial Park,Spiritual,3294,83
Hokkaido,Odori Park,Spiritual,3989,75
Fukuoka,Canal City Hakata,Nature,3450,100
Akita,Lake Tazawa,History,3179,94
Kyoto,Fushimi Inari Taisha,Culture,728,98
Gifu,Shirakawa-go,History,311,94
Hiroshima,Itsukushima Shrine,Adventure,4307,81
Tokyo,Meiji Shrine,Nature,1363,91
Kagawa,Ritsurin Garden,Nature,3299,75
Hokkaido,Shiretoko National Park,Spiritual,2195,88
Ishikawa,Kenroku-en,Culture,3891,71
Fukuoka,Canal City Hakata,Food,3536,97
Kanagawa,Lake Ashi,History,3527,77
Tokyo,Shibuya Crossing,Food,3418,92
Hiroshima,Peace Memorial Park,Spiritual,676,87
Tokyo,Shibuya Crossing,History,4637,89
Okinawa,Churaumi Aquarium,Spiritual,269,78
Nagasaki,Glover Garden,Culture,3381,77
Saga,Yutoku Inari Shrine,Food,3368,77
Kyoto,Arashiyama Bamboo Grove,Nature,4158,77
Niigata,Sado Island,Spiritual,2726,83
Ishikawa,Kenroku-en,Culture,1152,73
Nara,Nara Park,Spiritual,3410,88
Yamanashi,Mount Fuji,Culture,2992,79
Hiroshima,Itsukushima Shrine,Nature,1027,80
Tokyo,Senso-ji Temple,Spiritual,3133,97
Kyoto,Kinkaku-ji,History,855,97
Tokyo,Tokyo Tower,Adventure,293,75
Kyoto,Fushimi Inari Taisha,Culture,4204,98
Tokyo,Tokyo Tower,Spiritual,4267,96
Fukuoka,Canal City Hakata,History,4720,86
Kyoto,Fushimi Inari Taisha,Nature,3878,96
Hokkaido,Odori Park,Spiritual,2704,89
Kyoto,Kiyomizu-dera,Food,2717,76
Osaka,Dotonbori,Adventure,853,85
Fukuoka,Canal City Hakata,Nature,4460,72
Tokyo,Tokyo Skytree,History,4284,90
Hokkaido,Odori Park,Nature,1567,94
Akita,Lake Tazawa,Culture,1776,97
Kyoto,Arashiyama Bamboo Grove,Culture,2410,90
Miyagi,Matsushima Bay,Spiritual,4020,73
Tokyo,Shibuya Crossing,Food,4234,95
Tokyo,Meiji Shrine,Nature,4397,80
Osaka,Osaka Castle,History,3401,80
Hokkaido,Shiretoko National Park,Adventure,4620,78
Osaka,Osaka Castle,Nature,4513,80
Okinawa,Churaumi Aquarium,Nature,1107,74
Osaka,Osaka Castle,Culture,2495,72
Okinawa,Cape Manzamo,Nature,1145,75
Kyoto,Kiyomizu-dera,History,2045,90
Hokkaido,Shiretoko National Park,Food,489,82
Tokyo,Senso-ji Temple,Culture,4091,100
Kyoto,Kiyomizu-dera,Adventure,4710,100
Kanagawa,Hakone Open-Air Museum,Culture,3728,72
Okinawa,Churaumi Aquarium,Culture,4850,73
Kyoto,Kiyomizu-dera,Spiritual,2276,93
Kagawa,Ritsurin Garden,Food,1919,79
Hiroshima,Peace Memorial Park,History,4153,77
Hokkaido,Shiretoko National Park,Spiritual,4113,82
Kyoto,Arashiyama Bamboo Grove,History,2747,70
Okinawa,Cape Manzamo,Nature,2201,77
Nara,Todai-ji,History,2648,90
Fukuoka,Canal City Hakata,Nature,4531,85
Tokyo,Senso-ji Temple,Food,3563,87
Aomori,Hirosaki Castle,Spiritual,4763,79
Okinawa,Churaumi Aquarium,Food,4936,74
Ehime,Matsuyama Castle,Culture,4367,90
Akita,Lake Tazawa,History,4154,76
Niigata,Sado Island,History,4033,82
Gifu,Shirakawa-go,Culture,4898,80
Ishikawa,Kenroku-en,Nature,1315,94
Kyoto,Kinkaku-ji,Food,1005,84
Saga,Yutoku Inari Shrine,Spiritual,3512,91
Miyagi,Matsushima Bay,Culture,4286,94
Akita,Lake Tazawa,Spiritual,3974,77
Nara,Todai-ji,Food,603,90
Kagawa,Ritsurin Garden,Spiritual,1691,71
Aomori,Hirosaki Castle,Nature,510,91
Tokyo,Meiji Shrine,Spiritual,160,97
Ishikawa,Kenroku-en,Culture,3922,79
Miyagi,Matsushima Bay,History,492,80
Okinawa,Cape Manzamo,Food,183,72
Osaka,Dotonbori,Nature,2032,98
Akita,Lake Tazawa,Culture,2743,85
Osaka,Dotonbori,Spiritual,2436,91
Fukuoka,Canal City Hakata,History,2841,73
Hokkaido,Odori Park,Culture,1758,95
Wakayama,Kumano Nachi Taisha,History,3475,77
Okinawa,Cape Manzamo,Culture,4340,71
Hokkaido,Odori Park,Food,3969,84
Ishikawa,Kenroku-en,Adventure,4290,76
Aichi,Nagoya Castle,Culture,3328,96
Fukuoka,Canal City Hakata,Culture,2716,84
Shizuoka,Miho no Matsubara,Culture,4075,85
Aomori,Hirosaki Castle,Culture,2834,75
Ehime,Matsuyama Castle,Culture,2063,77
Saga,Yutoku Inari Shrine,History,639,85
Kyoto,Arashiyama Bamboo Grove,Nature,1044,83
Saga,Yutoku Inari Shrine,Culture,2248,98
Wakayama,Kumano Nachi Taisha,History,2004,92
Okinawa,Cape Manzamo,Culture,4772,89
Kyoto,Arashiyama Bamboo Grove,Adventure,2267,100
Yamanashi,Mount Fuji,Food,1643,99
Kyoto,Kiyomizu-dera,Food,1425,82
Osaka,Osaka Castle,Food,406,76
Kanagawa,Lake Ashi,History,1754,85
Kagawa,Ritsurin Garden,Food,733,100
Shizuoka,Miho no Matsubara,Culture,1932,73
Tokyo,Tokyo Tower,Adventure,3400,72
Saga,Yutoku Inari Shrine,Adventure,785,74
Kyoto,Fushimi Inari Taisha,Nature,1630,98
Tokyo,Senso-ji Temple,Culture,1703,100
Fukui,Eihei-ji Temple,Adventure,665,84
Tokyo,Senso-ji Temple,Culture,4385,76
Ishikawa,Kenroku-en,Nature,2987,85
Ishikawa,Kenroku-en,Food,911,91
Okinawa,Churaumi Aquarium,Food,548,96
Saga,Yutoku Inari Shrine,Culture,901,78
Miyagi,Matsushima Bay,Spiritual,3842,91
Tokyo,Meiji Shrine,Food,4261,80
Shizuoka,Miho no Matsubara,Spiritual,110,74
Saga,Yutoku Inari Shrine,History,755,88
Shizuoka,Miho no Matsubara,Adventure,1492,97
Okinawa,Churaumi Aquarium,Culture,881,86
Kagoshima,Sakurajima,History,3893,71
Hokkaido,Shiretoko National Park,Nature,4460,79
Gifu,Shirakawa-go,Food,3134,90
Hiroshima,Peace Memorial Park,Food,4845,92
Kyoto,Arashiyama Bamboo Grove,Culture,594,79
Osaka,Dotonbori,History,2884,73
Kyoto,Arashiyama Bamboo Grove,Adventure,3315,83
Nagano,Jigokudani Monkey Park,Spiritual,616,86
Tokyo,Tokyo Skytree,Culture,2211,95
Tokyo,Tokyo Tower,Spiritual,3248,79
Ehime,Matsuyama Castle,History,3851,91
Tokyo,Shibuya Crossing,Spiritual,3550,78
Wakayama,Kumano Nachi Taisha,Culture,2251,86
Kagoshima,Sakurajima,Spiritual,4914,74
Kagoshima,Sakurajima,Nature,3417,86
Osaka,Dotonbori,Adventure,3722,100
Hokkaido,Odori Park,Food,2832,91
Yamanashi,Mount Fuji,Culture,486,92
Aichi,Nagoya Castle,History,1353,93
Aichi,Nagoya Castle,Spiritual,4998,75
Nagasaki,Glover Garden,Nature,3434,94
Niigata,Sado Island,History,187,98
Miyagi,Matsushima Bay,Food,4349,83
Tokyo,Tokyo Skytree,Nature,3410,73
Tokyo,Shibuya Crossing,Nature,1364,87
Nagano,Jigokudani Monkey Park,Spiritual,4158,93
Tokyo,Meiji Shrine,Spiritual,2411,87
Aichi,Nagoya Castle,Culture,2148,97
Shizuoka,Miho no Matsubara,History,3850,87
Niigata,Sado Island,Food,2988,88
Osaka,Osaka Castle,Food,2198,96
Nara,Nara Park,Food,2777,99
Shizuoka,Miho no Matsubara,History,4823,70
Tokyo,Senso-ji Temple,Adventure,280,100
Wakayama,Kumano Nachi Taisha,Culture,2939,83
Osaka,Osaka Castle,Food,244,96
Kanagawa,Hakone Open-Air Museum,Food,4575,80
Kyoto,Kinkaku-ji,Food,1190,96
Niigata,Sado Island,Food,4500,70
Nagasaki,Glover Garden,Food,1814,97
Kanagawa,Lake Ashi,Culture,3665,81
Fukuoka,Canal City Hakata,Nature,2428,75
Kyoto,Kinkaku-ji,Culture,4638,84
Niigata,Sado Island,Spiritual,320,75
Aomori,Hirosaki Castle,Nature,3978,91
Fukuoka,Canal City Hakata,Spiritual,4389,97
Nagasaki,Glover Garden,Adventure,624,95
Hokkaido,Odori Park,Culture,4235,71
Kyoto,Fushimi Inari Taisha,Culture,317,96
Fukuoka,Canal City Hakata,History,4136,75
Hiroshima,Peace Memorial Park,Spiritual,2283,86
Okinawa,Churaumi Aquarium,Adventure,402,80
Nagasaki,Glover Garden,Food,4037,97
Osaka,Osaka Castle,Culture,4675,84
Tokyo,Shibuya Crossing,Food,232,75
Nagasaki,Glover Garden,Culture,3062,86
Okinawa,Cape Manzamo,Adventure,2897,85
Aichi,Nagoya Castle,History,3886,86
Miyagi,Matsushima Bay,Culture,4251,76
Kanagawa,Hakone Open-Air Museum,History,2188,83
Wakayama,Kumano Nachi Taisha,Culture,169,78
Kagawa,Ritsurin Garden,History,4086,78
Nara,Todai-ji,History,2828,95
Kyoto,Fushimi Inari Taisha,Nature,242,82
Nagasaki,Glover Garden,Food,4306,85
Nagano,Jigokudani Monkey Park,Culture,2580,100
Ehime,Matsuyama Castle,History,3167,86
Hokkaido,Odori Park,Food,3523,73
Hiroshima,Itsukushima Shrine,Nature,3299,91
Shizuoka,Miho no Matsubara,History,3958,83
Nagano,Jigokudani Monkey Park,Adventure,2787,81
Nagasaki,Glover Garden,Food,2217,92
Tokyo,Tokyo Tower,Adventure,2943,84
Tokyo,Tokyo Tower,Culture,1081,78
Hokkaido,Shiretoko National Park,Culture,2640,96
Yamanashi,Mount Fuji,Culture,4300,90
Kanagawa,Lake Ashi,Food,2218,79
Kanagawa,Lake Ashi,Spiritual,3487,88
Gifu,Shirakawa-go,Spiritual,2453,97
Fukuoka,Canal City Hakata,Culture,2756,70
Fukui,Eihei-ji Temple,Adventure,4219,91
Kanagawa,Lake Ashi,Adventure,4358,87
Tochigi,Nikko Toshogu,Nature,1687,72
Tokyo,Meiji Shrine,Culture,3046,90
Ehime,Matsuyama Castle,History,3264,91
Nara,Nara Park,Spiritual,4404,91
Nara,Todai-ji,Food,2905,89
Tokyo,Tokyo Tower,Culture,4087,78
Akita,Lake Tazawa,Adventure,2131,98
Tokyo,Meiji Shrine,History,1792,82
Kanagawa,Hakone Open-Air Museum,Food,4958,73
Shizuoka,Miho no Matsubara,Spiritual,682,96
Gifu,Shirakawa-go,Adventure,818,76
Saga,Yutoku Inari Shrine,Culture,4507,87
Akita,Lake Tazawa,Adventure,1186,72
Niigata,Sado Island,Nature,1460,82
Tokyo,Meiji Shrine,Spiritual,4111,80
Shizuoka,Miho no Matsubara,Culture,4612,73
Fukuoka,Canal City Hakata,Culture,4321,96
Aichi,Nagoya Castle,History,291,73
Kanagawa,Hakone Open-Air Museum,Adventure,2526,99
Miyagi,Matsushima Bay,History,594,93
Tokyo,Senso-ji Temple,Culture,4701,84
Osaka,Dotonbori,Nature,2695,92
Shizuoka,Miho no Matsubara,Nature,1211,83
Okinawa,Cape Manzamo,Culture,1568,94
Kanagawa,Hakone Open-Air Museum,Food,3789,72
Tokyo,Tokyo Tower,Food,2709,78
Shizuoka,Miho no Matsubara,Adventure,2375,83
Shizuoka,Miho no Matsubara,Food,3277,76
Aomori,Hirosaki Castle,Spiritual,4158,83
Osaka,Dotonbori,History,2816,73
Shizuoka,Miho no Matsubara,History,1858,81
Shizuoka,Miho no Matsubara,Food,1362,91
Kanagawa,Hakone Open-Air Museum,Adventure,2882,70
Okinawa,Cape Manzamo,Food,1251,94
Kagoshima,Sakurajima,Nature,4628,85
Tokyo,Senso-ji Temple,Nature,1583,78
Tokyo,Meiji Shrine,Culture,671,74
Saga,Yutoku Inari Shrine,History,2366,98
Kagoshima,Sakurajima,Food,1491,80
Tokyo,Senso-ji Temple,History,216,92
Kyoto,Kinkaku-ji,Spiritual,422,92
Shizuoka,Miho no Matsubara,Adventure,2054,78
Gifu,Shirakawa-go,Spiritual,2795,92
Kanagawa,Lake Ashi,Food,3133,75
Tokyo,Tokyo Tower,History,4775,75
Nara,Nara Park,Nature,2026,97
Kanagawa,Lake Ashi,Adventure,1448,75
Nara,Nara Park,History,977,99
Kagawa,Ritsurin Garden,History,443,99
Tokyo,Tokyo Tower,Spiritual,4664,77
Hokkaido,Shiretoko National Park,Adventure,347,72
Kagoshima,Sakurajima,Food,1119,99
Okinawa,Churaumi Aquarium,Spiritual,3185,80
Tokyo,Senso-ji Temple,Spiritual,1489,98
Tochigi,Nikko Toshogu,Food,405,70
Kyoto,Kinkaku-ji,History,359,87
Tokyo,Meiji Shrine,Adventure,1684,96
Saga,Yutoku Inari Shrine,History,4184,95
Kanagawa,Hakone Open-Air Museum,Adventure,1011,91
Tokyo,Senso-ji Temple,History,776,97
Niigata,Sado Island,Spiritual,3186,89
Nagasaki,Glover Garden,Culture,2286,91
Yamanashi,Mount Fuji,Food,2163,91
Tochigi,Nikko Toshogu,Food,294,96
Kagoshima,Sakurajima,History,1559,87
Wakayama,Kumano Nachi Taisha,Adventure,628,84
Akita,Lake Tazawa,History,3917,75
Kanagawa,Lake Ashi,History,1029,74
Kyoto,Kinkaku-ji,Spiritual,4980,95
Shizuoka,Miho no Matsubara,Food,2530,80
Kyoto,Fushimi Inari Taisha,Adventure,1849,81
Tokyo,Tokyo Tower,Nature,2570,92
Kyoto,Arashiyama Bamboo Grove,Culture,4752,72
Nagasaki,Glover Garden,Culture,430,96
Kyoto,Kiyomizu-dera,Food,4324,89
Miyagi,Matsushima Bay,History,1511,88
Osaka,Dotonbori,History,3738,76
Miyagi,Matsushima Bay,Spiritual,4561,97
Osaka,Osaka Castle,Culture,4391,100
Kagawa,Ritsurin Garden,Spiritual,464,94
Akita,Lake Tazawa,Spiritual,3784,73
Tochigi,Nikko Toshogu,History,389,75
Tochigi,Nikko Toshogu,Adventure,4945,91
Osaka,Osaka Castle,Culture,4561,99
Osaka,Dotonbori,Nature,4132,96
Tokyo,Senso-ji Temple,Adventure,3542,89
Niigata,Sado Island,Nature,890,98
Hiroshima,Peace Memorial Park,Culture,1279,81
Kyoto,Kiyomizu-dera,Culture,4617,94
Tokyo,Tokyo Skytree,Adventure,1132,89
Kanagawa,Lake Ashi,Nature,4873,84
Kyoto,Kiyomizu-dera,Spiritual,4961,94
Kyoto,Arashiyama Bamboo Grove,Nature,4325,97
Ishikawa,Kenroku-en,Spiritual,1044,97
Nara,Nara Park,Food,271,98
Hokkaido,Shiretoko National Park,Spiritual,4565,97
Osaka,Osaka Castle,Nature,3706,71
Hokkaido,Odori Park,Spiritual,2311,96
Nara,Todai-ji,History,1843,77
Akita,Lake Tazawa,Nature,4615,87
Fukuoka,Canal City Hakata,Food,1205,98
Kyoto,Kiyomizu-dera,Culture,1968,88
Tokyo,Tokyo Skytree,Food,4392,84
Aichi,Nagoya Castle,Adventure,1551,72
Kyoto,Kinkaku-ji,Food,1599,92
Shizuoka,Miho no Matsubara,History,60,95
Osaka,Dotonbori,History,2384,79
Hokkaido,Odori Park,Culture,1383,86
Wakayama,Kumano Nachi Taisha,Culture,1870,71
Tokyo,Tokyo Tower,Spiritual,4006,84
Kanagawa,Hakone Open-Air Museum,Nature,666,82
Nara,Nara Park,Food,474,73
Kyoto,Kinkaku-ji,Adventure,2879,85
Kyoto,Kinkaku-ji,Adventure,4595,71
Ehime,Matsuyama Castle,Food,1102,81
Aichi,Nagoya Castle,Spiritual,1477,79
Miyagi,Matsushima Bay,Nature,114,94
Niigata,Sado Island,Adventure,3679,71
Fukuoka,Canal City Hakata,History,4948,90
Okinawa,Churaumi Aquarium,Nature,3801,97
Nagano,Jigokudani Monkey Park,Culture,4812,97
Kyoto,Fushimi Inari Taisha,Nature,3176,73
Fukui,Eihei-ji Temple,Adventure,4902,71
Ishikawa,Kenroku-en,Culture,2214,88
Kanagawa,Lake Ashi,Spiritual,1636,88
Aomori,Hirosaki Castle,Spiritual,382,78
Fukui,Eihei-ji Temple,Culture,2098,80
Kyoto,Fushimi Inari Taisha,History,1247,71
Nara,Nara Park,Food,4058,74
Kyoto,Arashiyama Bamboo Grove,Adventure,3097,83
Kyoto,Kinkaku-ji,History,3712,89
Nagasaki,Glover Garden,Culture,604,94
Kyoto,Kiyomizu-dera,Nature,3534,77
Tokyo,Tokyo Skytree,Food,3010,99
Shizuoka,Miho no Matsubara,Food,3630,91
Wakayama,Kumano Nachi Taisha,Nature,3427,79
Kyoto,Arashiyama Bamboo Grove,Nature,4262,95
Akita,Lake Tazawa,Culture,2612,86
Hokkaido,Odori Park,Spiritual,2658,73
Kyoto,Kinkaku-ji,Culture,4986,97
Okinawa,Churaumi Aquarium,Nature,2375,79
Yamanashi,Mount Fuji,Culture,962,75
Shizuoka,Miho no Matsubara,Nature,1153,72
Yamanashi,Mount Fuji,Food,740,75
Nagano,Jigokudani Monkey Park,Adventure,3120,94
Osaka,Osaka Castle,History,315,85
Ehime,Matsuyama Castle,Nature,4887,84
Nagasaki,Glover Garden,History,643,79
Akita,Lake Tazawa,Spiritual,3841,100
Nagasaki,Glover Garden,Nature,2819,84
Kagawa,Ritsurin Garden,Food,4948,81
Kagoshima,Sakurajima,Culture,3646,71
Kanagawa,Hakone Open-Air Museum,Nature,3428,80
Tochigi,Nikko Toshogu,Culture,3227,80
Ishikawa,Kenroku-en,History,3496,98
Nagano,Jigokudani Monkey Park,Spiritual,735,97
Kagoshima,Sakurajima,Nature,4434,96
Kagawa,Ritsurin Garden,Adventure,214,88
Kyoto,Fushimi Inari Taisha,Spiritual,4101,83
Tokyo,Tokyo Tower,Culture,4674,78
Tokyo,Tokyo Skytree,Nature,403,83
Ishikawa,Kenroku-en,Adventure,4376,93
Kyoto,Fushimi Inari Taisha,Adventure,169,84
Kyoto,Arashiyama Bamboo Grove,Nature,450,72
Hiroshima,Itsukushima Shrine,Nature,901,92
Kagawa,Ritsurin Garden,Culture,2434,83
Tokyo,Tokyo Skytree,History,3289,71
Fukuoka,Canal City Hakata,Food,634,99
Aichi,Nagoya Castle,Spiritual,1631,75
Hiroshima,Peace Memorial Park,Culture,1951,87
Hokkaido,Odori Park,Spiritual,2771,84
Aomori,Hirosaki Castle,Food,2493,82
Kyoto,Fushimi Inari Taisha,Spiritual,2161,98
Wakayama,Kumano Nachi Taisha,History,820,75
Tokyo,Tokyo Skytree,History,1717,94
Tokyo,Shibuya Crossing,Food,821,93
Hiroshima,Peace Memorial Park,Nature,1940,75
Shizuoka,Miho no Matsubara,Spiritual,3865,93
Saga,Yutoku Inari Shrine,Adventure,2974,80
Nagano,Jigokudani Monkey Park,Food,4060,79
Gifu,Shirakawa-go,History,2869,79
Aichi,Nagoya Castle,Culture,3263,76
Wakayama,Kumano Nachi Taisha,Adventure,1114,96
Tokyo,Meiji Shrine,History,3108,78
Akita,Lake Tazawa,Food,1746,96
Tokyo,Senso-ji Temple,Adventure,3518,88
Tokyo,Shibuya Crossing,Nature,1213,92
Ehime,Matsuyama Castle,Adventure,2179,91
Tokyo,Senso-ji Temple,Culture,743,79
Kyoto,Kinkaku-ji,Adventure,279,72
Hiroshima,Itsukushima Shrine,Nature,4447,75
Tokyo,Meiji Shrine,Nature,2781,98
Fukui,Eihei-ji Temple,Spiritual,4842,70
Kyoto,Kiyomizu-dera,Food,2326,98
Kyoto,Arashiyama Bamboo Grove,Culture,143,73
Kyoto,Kinkaku-ji,Adventure,1696,80
Tochigi,Nikko Toshogu,Nature,990,94
Nagasaki,Glover Garden,History,1941,70
Kyoto,Fushimi Inari Taisha,Adventure,3686,78
Nara,Nara Park,Food,2844,97
Fukui,Eihei-ji Temple,History,1034,74
Wakayama,Kumano Nachi Taisha,Food,3673,96
Aomori,Hirosaki Castle,History,1631,70
Okinawa,Cape Manzamo,Adventure,4376,89
Kyoto,Kinkaku-ji,Food,4641,73
Tokyo,Senso-ji Temple,Spiritual,4447,70
Ishikawa,Kenroku-en,Culture,1012,100
Aomori,Hirosaki Castle,Food,3879,78
Hiroshima,Itsukushima Shrine,Nature,1876,76
Tochigi,Nikko Toshogu,Nature,2807,96
Tokyo,Meiji Shrine,Spiritual,4995,89
Yamanashi,Mount Fuji,Culture,4572,99
Kyoto,Kiyomizu-dera,Food,3067,80
Hiroshima,Peace Memorial Park,History,162,80
Ishikawa,Kenroku-en,History,4033,92
Yamanashi,Mount Fuji,Adventure,4765,88
Tokyo,Tokyo Skytree,Food,1613,89
Kyoto,Fushimi Inari Taisha,History,2672,86
Aichi,Nagoya Castle,Food,2243,71
Kyoto,Fushimi Inari Taisha,Food,1451,82
Aomori,Hirosaki Castle,History,3144,83
Tokyo,Meiji Shrine,Nature,2831,100
Fukuoka,Canal City Hakata,Food,2869,96
Kanagawa,Hakone Open-Air Museum,Nature,914,100
Yamanashi,Mount Fuji,Nature,4902,88
Nagasaki,Glover Garden,Culture,1622,75
Hiroshima,Itsukushima Shrine,Nature,1877,84
Osaka,Osaka Castle,History,2404,78
Hiroshima,Itsukushima Shrine,History,2319,80
Fukui,Eihei-ji Temple,Adventure,1480,74
Wakayama,Kumano Nachi Taisha,Food,904,90
Tokyo,Senso-ji Temple,Culture,1616,96
Aomori,Hirosaki Castle,Culture,3756,91
Saga,Yutoku Inari Shrine,Culture,1636,98
Nara,Nara Park,Spiritual,543,76
Kyoto,Kiyomizu-dera,Nature,1626,85
Kagoshima,Sakurajima,Nature,2630,86
Miyagi,Matsushima Bay,Nature,696,95
Fukuoka,Canal City Hakata,Nature,94,95
Wakayama,Kumano Nachi Taisha,Adventure,3547,99
Ehime,Matsuyama Castle,Adventure,461,89
Tokyo,Tokyo Skytree,History,2182,71
Kyoto,Arashiyama Bamboo Grove,Nature,1137,94
Tochigi,Nikko Toshogu,History,1583,86
Fukuoka,Canal City Hakata,Adventure,1643,92
Akita,Lake Tazawa,Culture,3817,88
Wakayama,Kumano Nachi Taisha,History,1686,74
Hokkaido,Odori Park,Adventure,4825,70
Hiroshima,Itsukushima Shrine,History,4361,70
Fukui,Eihei-ji Temple,Adventure,3013,88
Kagawa,Ritsurin Garden,Spiritual,4833,76
Gifu,Shirakawa-go,Food,4094,73
Hokkaido,Odori Park,Food,1793,72
Fukui,Eihei-ji Temple,Adventure,1344,97
Kyoto,Kiyomizu-dera,Spiritual,3685,90
Osaka,Dotonbori,Food,115,95
Okinawa,Churaumi Aquarium,History,1739,100
Yamanashi,Mount Fuji,Nature,4103,88
Nara,Todai-ji,History,4577,83
Hiroshima,Peace Memorial Park,Spiritual,4708,93
Ishikawa,Kenroku-en,Nature,283,94
Akita,Lake Tazawa,Culture,645,73
Okinawa,Churaumi Aquarium,Culture,1718,71
Tokyo,Tokyo Skytree,Food,4235,98
Kyoto,Arashiyama Bamboo Grove,Adventure,1722,72
Osaka,Dotonbori,Culture,946,71
Osaka,Dotonbori,Adventure,888,91
Ishikawa,Kenroku-en,Culture,4760,93
Tokyo,Shibuya Crossing,Food,3065,85
Kagoshima,Sakurajima,Culture,4299,86
Hiroshima,Itsukushima Shrine,Food,4537,88
Fukuoka,Canal City Hakata,History,624,73
Kagawa,Ritsurin Garden,Spiritual,2987,95
Ishikawa,Kenroku-en,Spiritual,3700,87
Miyagi,Matsushima Bay,Culture,3514,99
Fukuoka,Canal City Hakata,Adventure,2398,77
Gifu,Shirakawa-go,Nature,2341,84
Nagasaki,Glover Garden,Culture,4698,92
Hokkaido,Odori Park,Culture,2577,87
Tokyo,Senso-ji Temple,Food,4092,100
Kanagawa,Lake Ashi,Nature,650,77
Tokyo,Shibuya Crossing,Nature,1830,78
Aomori,Hirosaki Castle,Nature,998,71
Kyoto,Kiyomizu-dera,Nature,2448,95
Kagoshima,Sakurajima,Adventure,3850,74
Aomori,Hirosaki Castle,Spiritual,2908,86
Shizuoka,Miho no Matsubara,Nature,4543,86
Shizuoka,Miho no Matsubara,History,496,76
Okinawa,Churaumi Aquarium,Food,4521,77
Gifu,Shirakawa-go,History,3640,95
Tokyo,Tokyo Tower,Culture,907,88
Tokyo,Meiji Shrine,Nature,3439,91
Wakayama,Kumano Nachi Taisha,Food,3619,95
Kanagawa,Hakone Open-Air Museum,Nature,3200,71
Aichi,Nagoya Castle,Adventure,2645,92
Kyoto,Fushimi Inari Taisha,Adventure,1830,100
Okinawa,Churaumi Aquarium,Nature,1248,98
Shizuoka,Miho no Matsubara,Food,2866,89
Tochigi,Nikko Toshogu,Spiritual,2305,80
Nara,Nara Park,Culture,1610,83
Kyoto,Kinkaku-ji,Culture,3439,75
Niigata,Sado Island,Nature,3921,80
Nagasaki,Glover Garden,History,593,71
Ehime,Matsuyama Castle,Adventure,1002,78
Kyoto,Arashiyama Bamboo Grove,History,2021,91
Kagawa,Ritsurin Garden,History,1948,75
Yamanashi,Mount Fuji,Spiritual,640,76
Kyoto,Kiyomizu-dera,Adventure,421,83
Nagano,Jigokudani Monkey Park,Nature,79,81
Shizuoka,Miho no Matsubara,Spiritual,2817,87
Kyoto,Kiyomizu-dera,Nature,436,84
Tokyo,Meiji Shrine,Spiritual,3795,86
Okinawa,Churaumi Aquarium,Nature,3222,81
Niigata,Sado Island,Culture,977,76
Gifu,Shirakawa-go,History,2736,90
Ehime,Matsuyama Castle,Food,1697,95
Saga,Yutoku Inari Shrine,Nature,2572,91
Fukuoka,Canal City Hakata,Food,2805,91
Kanagawa,Hakone Open-Air Museum,Adventure,987,100
Tokyo,Meiji Shrine,Culture,445,83
Osaka,Dotonbori,Nature,1909,77
Hokkaido,Odori Park,Culture,3508,94
Tokyo,Shibuya Crossing,Adventure,2334,77
Niigata,Sado Island,Adventure,317,100
Okinawa,Cape Manzamo,Nature,3243,88
Kyoto,Arashiyama Bamboo Grove,Nature,2502,70
Yamanashi,Mount Fuji,Culture,2946,79
Tochigi,Nikko Toshogu,Adventure,1292,77
Tochigi,Nikko Toshogu,History,1164,82
Nagasaki,Glover Garden,Adventure,693,83
Hokkaido,Odori Park,Food,4018,77
Wakayama,Kumano Nachi Taisha,Adventure,744,87
Shizuoka,Miho no Matsubara,Culture,4484,93
Niigata,Sado Island,Adventure,481,85
Fukuoka,Canal City Hakata,Nature,1533,73
Yamanashi,Mount Fuji,History,4043,99
Yamanashi,Mount Fuji,Culture,3867,75
Kanagawa,Lake Ashi,Nature,111,92
Kanagawa,Hakone Open-Air Museum,Adventure,4352,76
Tokyo,Tokyo Skytree,History,751,70
Tokyo,Meiji Shrine,History,791,95
Hokkaido,Odori Park,Nature,183,85
Miyagi,Matsushima Bay,Food,2982,92
Fukui,Eihei-ji Temple,Culture,4569,73
Tokyo,Tokyo Skytree,Spiritual,1895,73
Akita,Lake Tazawa,Nature,1089,71
Osaka,Osaka Castle,Spiritual,4819,100
Kanagawa,Lake Ashi,Spiritual,89,78
Tokyo,Senso-ji Temple,Culture,2628,88
Tochigi,Nikko Toshogu,Culture,1703,88
Hokkaido,Shiretoko National Park,Nature,1411,83
Akita,Lake Tazawa,Food,288,91
Yamanashi,Mount Fuji,Spiritual,2579,87
Aichi,Nagoya Castle,History,903,98
Osaka,Osaka Castle,Culture,3827,70
Nara,Todai-ji,Nature,2083,88
Kagoshima,Sakurajima,Spiritual,1333,80
Tokyo,Meiji Shrine,Culture,4400,85
Nara,Todai-ji,Adventure,3222,83
Nagano,Jigokudani Monkey Park,History,4799,80
Kyoto,Fushimi Inari Taisha,Adventure,2921,77
Kyoto,Kinkaku-ji,Adventure,1579,81
Aichi,Nagoya Castle,Spiritual,3224,70
Kyoto,Arashiyama Bamboo Grove,Spiritual,745,75
Shizuoka,Miho no Matsubara,Spiritual,3001,90
Akita,Lake Tazawa,Spiritual,518,77
Akita,Lake Tazawa,Nature,3885,100
Niigata,Sado Island,Adventure,2794,77
Kagoshima,Sakurajima,Nature,4583,96
Akita,Lake Tazawa,Nature,565,88
Kyoto,Kiyomizu-dera,Food,351,88
Miyagi,Matsushima Bay,Spiritual,4762,73
Niigata,Sado Island,Spiritual,4955,85
Fukui,Eihei-ji Temple,Food,3285,94
Aomori,Hirosaki Castle,Food,3894,90
Tokyo,Meiji Shrine,Culture,3636,89
Kagoshima,Sakurajima,Adventure,616,88
Kanagawa,Hakone Open-Air Museum,Spiritual,951,89
Kagoshima,Sakurajima,Nature,2484,88
Hiroshima,Peace Memorial Park,History,2176,95
Kagoshima,Sakurajima,Culture,3923,90
Miyagi,Matsushima Bay,Spiritual,3506,71
Akita,Lake Tazawa,Spiritual,2110,82
Hiroshima,Peace Memorial Park,History,2870,87
Aomori,Hirosaki Castle,Culture,2992,84
Nara,Nara Park,Culture,2525,74
Nara,Nara Park,Nature,833,72
Miyagi,Matsushima Bay,Culture,3129,80
Gifu,Shirakawa-go,Food,4701,93
Akita,Lake Tazawa,Culture,2141,99
Shizuoka,Miho no Matsubara,Culture,4557,91
Fukuoka,Canal City Hakata,Adventure,3858,70
Nagano,Jigokudani Monkey Park,Spiritual,443,99
Aomori,Hirosaki Castle,History,3969,73
Tokyo,Meiji Shrine,Nature,4357,74
Aomori,Hirosaki Castle,Food,3922,76
Yamanashi,Mount Fuji,History,4605,88
Kyoto,Arashiyama Bamboo Grove,Culture,576,85
Nara,Nara Park,Nature,1578,86
Kyoto,Fushimi Inari Taisha,Spiritual,1659,97
Tokyo,Tokyo Skytree,Adventure,4437,90
Kagawa,Ritsurin Garden,Adventure,1331,77
Nara,Nara Park,Nature,1368,94
Nagano,Jigokudani Monkey Park,Nature,2756,77
Kanagawa,Lake Ashi,History,2881,100
Yamanashi,Mount Fuji,Food,3901,87
Osaka,Osaka Castle,Food,815,98
Fukui,Eihei-ji Temple,Nature,2245,99
Tokyo,Senso-ji Temple,Spiritual,1464,95
Hiroshima,Peace Memorial Park,Culture,448,82
Osaka,Osaka Castle,Nature,68,81
Niigata,Sado Island,Nature,2756,72
Kyoto,Arashiyama Bamboo Grove,Nature,4155,98
Miyagi,Matsushima Bay,Nature,3432,84
Tochigi,Nikko Toshogu,Nature,3778,95
Akita,Lake Tazawa,Spiritual,3350,85
Ishikawa,Kenroku-en,Spiritual,4921,83
Kanagawa,Hakone Open-Air Museum,Adventure,4917,80
Wakayama,Kumano Nachi Taisha,Nature,3410,85
Okinawa,Churaumi Aquarium,Culture,3184,84
Aichi,Nagoya Castle,Culture,751,76
Wakayama,Kumano Nachi Taisha,Food,511,86
Okinawa,Churaumi Aquarium,Spiritual,1311,83
Tochigi,Nikko Toshogu,Spiritual,1300,79
Kagoshima,Sakurajima,Food,1746,71
Fukuoka,Canal City Hakata,Spiritual,3506,84
Ehime,Matsuyama Castle,Adventure,1529,87
Fukui,Eihei-ji Temple,Food,4539,94
Okinawa,Cape Manzamo,Food,941,93
Niigata,Sado Island,Food,2576,77
Nara,Todai-ji,Adventure,3906,92
Okinawa,Cape Manzamo,Culture,912,94
Tokyo,Tokyo Skytree,Food,3892,83
Saga,Yutoku Inari Shrine,Nature,80,80
Tokyo,Tokyo Tower,Culture,2755,71
Osaka,Osaka Castle,Food,2255,74
Kagoshima,Sakurajima,Spiritual,4557,79
Nara,Nara Park,History,743,74
Akita,Lake Tazawa,Adventure,2131,92
Aichi,Nagoya Castle,History,1239,80
Wakayama,Kumano Nachi Taisha,Nature,4330,88
Nagasaki,Glover Garden,History,865,72
Shizuoka,Miho no Matsubara,Adventure,3887,85
Hokkaido,Shiretoko National Park,Nature,4252,78
Tokyo,Tokyo Skytree,Food,625,100
Fukui,Eihei-ji Temple,Food,1671,97
Nara,Nara Park,Culture,2298,78
Shizuoka,Miho no Matsubara,Adventure,1697,79
Osaka,Dotonbori,Spiritual,1983,70
Yamanashi,Mount Fuji,Culture,1009,76
Ishikawa,Kenroku-en,Culture,1857,78
Hiroshima,Itsukushima Shrine,Adventure,4430,77
Tokyo,Shibuya Crossing,Spiritual,971,87
Kagawa,Ritsurin Garden,Food,471,99
Nagasaki,Glover Garden,Adventure,4913,83
Tokyo,Tokyo Tower,Nature,3935,100
Nagano,Jigokudani Monkey Park,Spiritual,4567,77
Fukui,Eihei-ji Temple,History,2082,98
Miyagi,Matsushima Bay,Nature,4270,95
Ehime,Matsuyama Castle,Spiritual,3801,76
Tokyo,Senso-ji Temple,Food,2592,86
Nara,Nara Park,Nature,3904,79
Hiroshima,Peace Memorial Park,Spiritual,1019,95
Kagawa,Ritsurin Garden,Food,4834,82
Kanagawa,Lake Ashi,Adventure,2851,79
Osaka,Dotonbori,Food,1977,86
Kyoto,Arashiyama Bamboo Grove,Spiritual,321,91
Kanagawa,Hakone Open-Air Museum,Food,1147,90
Okinawa,Churaumi Aquarium,Culture,485,74
Kanagawa,Hakone Open-Air Museum,Nature,4745,98
Kanagawa,Lake Ashi,History,912,80
Yamanashi,Mount Fuji,History,4826,79
Wakayama,Kumano Nachi Taisha,Culture,1490,80
Kyoto,Kiyomizu-dera,Culture,624,86
Gifu,Shirakawa-go,Spiritual,2666,94
Hokkaido,Shiretoko National Park,Food,650,81
Akita,Lake Tazawa,Nature,2597,71
Kyoto,Fushimi Inari Taisha,History,153,83
Kyoto,Kiyomizu-dera,Adventure,3461,98
Akita,Lake Tazawa,History,4894,72
Tochigi,Nikko Toshogu,Spiritual,4537,90
